Tamano,Secuencial,Binaria
1000,0.000001,0.000001
5000,0.000001,0.000000
10000,0.000001,0.000001
50000,0.000005,0.000001
100000,0.000002,0.000004
