Tamano,Bubble,Insertion,Selection,Cocktail
1000,0.001208,0.000307,0.000675,0.001456
5000,0.024213,0.007934,0.014338,0.036750
10000,0.116109,0.030229,0.057526,0.165922
50000,5.277934,0.748578,1.423272,5.115548
100000,23.734739,3.390147,6.891631,21.455437
